{"stats":{"minecraft:mined":{"minecraft:oak_log":1,"minecraft:oak_leaves":1},"minecraft:used":{"minecraft:oak_log":1},"minecraft:custom":{"minecraft:jump":51,"minecraft:time_since_rest":3297,"minecraft:crouch_one_cm":78,"minecraft:play_one_minute":3297,"minecraft:leave_game":1,"minecraft:sprint_one_cm":4668,"minecraft:time_since_death":3297,"minecraft:walk_one_cm":6670,"minecraft:sneak_time":10,"minecraft:fall_one_cm":2001,"minecraft:fly_one_cm":5062},"minecraft:picked_up":{"minecraft:oak_log":1}},"DataVersion":2586}