{"stats":{"minecraft:picked_up":{"minecraft:apple":2},"minecraft:custom":{"minecraft:jump":29,"minecraft:time_since_rest":1960,"minecraft:crouch_one_cm":29,"minecraft:walk_on_water_one_cm":1137,"minecraft:sprint_one_cm":4295,"minecraft:play_time":1960,"minecraft:damage_taken":10,"minecraft:time_since_death":1960,"minecraft:walk_one_cm":1666,"minecraft:sneak_time":3,"minecraft:total_world_time":1960,"minecraft:walk_under_water_one_cm":97,"minecraft:hex":0,"minecraft:swim_one_cm":2741,"minecraft:fall_one_cm":753,"minecraft:fly_one_cm":2737}},"DataVersion":3465}