{"stats":{"minecraft:picked_up":{"naturalist:glow_goop":2,"minecraft:stone_sword":1,"minecraft:arrow":1,"minecraft:apple":4,"minecraft:wheat_seeds":1,"minecraft:red_mushroom":1,"minecraft:carrot":10,"minecraft:cornflower":1,"minecraft:dirt":1},"minecraft:crafted":{"minecraft:blue_dye":1},"minecraft:used":{"minecraft:stone_sword":13,"minecraft:carrot":3},"minecraft:mined":{"minecraft:grass":2,"minecraft:grass_block":1,"farmersdelight:wild_carrots":9,"vinery:apple_leaves":2,"minecraft:oak_leaves":1,"minecraft:cornflower":1},"minecraft:custom":{"minecraft:time_since_rest":15475,"minecraft:crouch_one_cm":325,"minecraft:play_time":15475,"minecraft:sprint_one_cm":16573,"minecraft:damage_taken":150,"minecraft:walk_one_cm":32122,"minecraft:sneak_time":188,"minecraft:mob_kills":3,"minecraft:drop":2,"minecraft:jump":80,"minecraft:damage_dealt":366,"minecraft:time_since_death":15475,"minecraft:climb_one_cm":428,"minecraft:total_world_time":15475,"minecraft:hex":0,"minecraft:fall_one_cm":687,"minecraft:fly_one_cm":6439},"minecraft:dropped":{"minecraft:stone_sword":1,"minecraft:carrot":1},"minecraft:killed":{"minecraft:skeleton":1,"naturalist:firefly":2}},"DataVersion":3465}