{"stats":{"minecraft:picked_up":{"minecraft:carrot":9,"minecraft:apple":4,"minecraft:dirt":1},"minecraft:mined":{"minecraft:grass":1,"farmersdelight:wild_carrots":9,"vinery:apple_leaves":2,"minecraft:grass_block":1},"minecraft:custom":{"minecraft:jump":11,"minecraft:time_since_rest":2532,"minecraft:sprint_one_cm":1645,"minecraft:play_time":2532,"minecraft:time_since_death":2532,"minecraft:walk_one_cm":5605,"minecraft:sneak_time":42,"minecraft:total_world_time":2532,"minecraft:hex":0,"minecraft:fly_one_cm":1384}},"DataVersion":3465}