{"stats":{"minecraft:picked_up":{"bewitchment:snake_tongue":1,"minecraft:stone_sword":1,"minecraft:arrow":2,"minecraft:wheat_seeds":1,"minecraft:red_mushroom":1,"beachparty:palm_log":8,"beachparty:coconut":3},"minecraft:used":{"minecraft:stone_sword":24,"minecraft:bread":3,"minecraft:shield":7},"minecraft:mined":{"minecraft:grass":1,"minecraft:tall_grass":1,"treechop:chopped_log":1},"minecraft:custom":{"minecraft:time_since_rest":12322,"minecraft:damage_taken":780,"minecraft:crouch_one_cm":1594,"minecraft:play_time":19105,"minecraft:deaths":2,"minecraft:sprint_one_cm":44559,"minecraft:walk_one_cm":74134,"minecraft:damage_blocked_by_shield":390,"minecraft:sneak_time":322,"minecraft:mob_kills":2,"minecraft:drop":3,"minecraft:jump":320,"minecraft:damage_dealt":812,"minecraft:leave_game":1,"minecraft:time_since_death":12295,"minecraft:total_world_time":19105,"minecraft:climb_one_cm":1360,"minecraft:hex":0,"minecraft:fall_one_cm":6274,"minecraft:fly_one_cm":53718},"minecraft:dropped":{"minecraft:wheat_seeds":1,"minecraft:stone_sword":1,"minecraft:red_mushroom":1},"minecraft:killed_by":{"mythicmobs:chupacabra":2},"minecraft:killed":{"minecraft:skeleton":1,"bewitchment:snake":1}},"DataVersion":3465}