{"stats":{"minecraft:picked_up":{"minecraft:stone_sword":1,"bewitchment:snake_tongue":1,"minecraft:arrow":2,"minecraft:wheat_seeds":1,"minecraft:red_mushroom":1},"minecraft:used":{"minecraft:stone_sword":24,"minecraft:bread":3,"minecraft:shield":7},"minecraft:mined":{"minecraft:grass":1,"minecraft:tall_grass":1},"minecraft:custom":{"minecraft:time_since_rest":8782,"minecraft:crouch_one_cm":1552,"minecraft:deaths":2,"minecraft:play_time":15565,"minecraft:sprint_one_cm":38371,"minecraft:damage_taken":770,"minecraft:walk_one_cm":65025,"minecraft:sneak_time":316,"minecraft:damage_blocked_by_shield":390,"minecraft:mob_kills":2,"minecraft:drop":3,"minecraft:jump":283,"minecraft:damage_dealt":812,"minecraft:leave_game":1,"minecraft:time_since_death":8755,"minecraft:climb_one_cm":914,"minecraft:total_world_time":15565,"minecraft:hex":0,"minecraft:fall_one_cm":5521,"minecraft:fly_one_cm":45911},"minecraft:dropped":{"minecraft:wheat_seeds":1,"minecraft:stone_sword":1,"minecraft:red_mushroom":1},"minecraft:killed_by":{"mythicmobs:chupacabra":2},"minecraft:killed":{"minecraft:skeleton":1,"bewitchment:snake":1}},"DataVersion":3465}