{
  "farmersdelight:recipes/cooking/mushroom_rice": {
    "criteria": {
      "has_any_ingredient": "2024-06-25 22:16:29 +0000"
    },
    "done": true
  },
  "mutantmonsters:root": {
    "criteria": {
      "killed_something": "2024-06-25 22:13:05 +0000"
    },
    "done": true
  },
  "spellbladenext:spellblades/root": {
    "criteria": {
      "always": "2024-06-25 22:07:03 +0000"
    },
    "done": true
  },
  "regions_unexplored:recipes/building_blocks/deepslate_viridescent_nylium": {
    "criteria": {
      "has_mushroom": "2024-06-25 22:16:29 +0000"
    },
    "done": true
  },
  "minecraft:recipes/decorations/crafting_table": {
    "criteria": {
      "unlock_right_away": "2024-06-25 22:07:03 +0000"
    },
    "done": true
  },
  "minecraft:recipes/decorations/chest": {
    "criteria": {
      "has_lots_of_items": "2024-06-25 22:15:53 +0000"
    },
    "done": true
  },
  "computercraft:recipes/redstone/turtle_normal_overlays/turtle_trans_overlay": {
    "criteria": {
      "has_dye": "2024-06-25 22:13:23 +0000"
    },
    "done": true
  },
  "techreborn:recipes/chemical_reactor/calcium_carbonate": {
    "criteria": {
      "has_carbon": "2024-06-25 22:07:03 +0000",
      "has_calcium": "2024-06-25 22:07:03 +0000"
    },
    "done": true
  },
  "techreborn:recipes/chemical_reactor/purple_wool_from_magenta_wool_with_blue_dye": {
    "criteria": {
      "has_blue_dye": "2024-06-25 22:13:23 +0000"
    },
    "done": true
  },
  "decorative_blocks:recipes/decorative_blocks.general/rocky_dirt": {
    "criteria": {
      "has_dirt": "2024-06-25 22:08:21 +0000"
    },
    "done": true
  },
  "techreborn:recipes/chemical_reactor/blue_concrete_powder_from_white_concrete_powder_with_blue_dye": {
    "criteria": {
      "has_blue_dye": "2024-06-25 22:13:23 +0000"
    },
    "done": true
  },
  "techreborn:recipes/chemical_reactor/purple_carpet_from_magenta_carpet_with_blue_dye": {
    "criteria": {
      "has_blue_dye": "2024-06-25 22:13:23 +0000"
    },
    "done": true
  },
  "handcrafted:recipes/misc/blue_bowl": {
    "criteria": {
      "has_blue_bowl": "2024-06-25 22:13:23 +0000"
    },
    "done": true
  },
  "farmersdelight:recipes/cooking/apple_cider": {
    "criteria": {
      "has_apple": "2024-06-25 22:08:31 +0000"
    },
    "done": true
  },
  "techreborn:recipes/chemical_reactor/blue_wool_from_light_blue_wool_with_blue_dye": {
    "criteria": {
      "has_blue_dye": "2024-06-25 22:13:23 +0000"
    },
    "done": true
  },
  "croptopia:recipes/campfire_toast": {
    "criteria": {
      "has_bread": "2024-06-25 22:07:03 +0000"
    },
    "done": true
  },
  "betternether:root": {
    "criteria": {
      "welcome": "2024-06-25 22:07:03 +0000"
    },
    "done": true
  },
  "betterend:root": {
    "criteria": {
      "welcome": "2024-06-25 22:07:03 +0000"
    },
    "done": true
  },
  "advancednetherite:recipes/netherite_diamond_block": {
    "criteria": {
      "has_ingredients": "2024-06-25 22:07:03 +0000"
    },
    "done": true
  },
  "techreborn:recipes/chemical_reactor/blue_stained_glass_pane_from_light_blue_stained_glass_pane_with_blue_dye": {
    "criteria": {
      "has_blue_dye": "2024-06-25 22:13:23 +0000"
    },
    "done": true
  },
  "ae2wtlib:recipes/wireless_universal_terminal/upgrade_crafting": {
    "criteria": {
      "has_wct": "2024-06-25 22:07:03 +0000"
    },
    "done": true
  },
  "techreborn:recipes/chemical_reactor/green_candle_from_yellow_candle_with_blue_dye": {
    "criteria": {
      "has_blue_dye": "2024-06-25 22:13:23 +0000"
    },
    "done": true
  },
  "seasonsextras:recipes/season_calendar": {
    "criteria": {
      "has_clock": "2024-06-25 22:07:03 +0000"
    },
    "done": true
  },
  "techreborn:recipes/chemical_reactor/light_blue_stained_glass_pane_from_light_gray_stained_glass_pane_with_blue_dye": {
    "criteria": {
      "has_blue_dye": "2024-06-25 22:13:23 +0000"
    },
    "done": true
  },
  "advancednetherite:recipes/misc/netherite_diamond_ingot": {
    "criteria": {
      "has_the_recipe": "2024-06-25 22:07:03 +0000"
    },
    "done": true
  },
  "techreborn:recipes/chemical_reactor/purple_stained_glass_from_magenta_stained_glass_with_blue_dye": {
    "criteria": {
      "has_blue_dye": "2024-06-25 22:13:23 +0000"
    },
    "done": true
  },
  "techreborn:recipes/chemical_reactor/light_blue_stained_glass_pane_from_white_stained_glass_pane_with_blue_dye": {
    "criteria": {
      "has_blue_dye": "2024-06-25 22:13:23 +0000"
    },
    "done": true
  },
  "minecraft:recipes/building_blocks/dye_blue_bed": {
    "criteria": {
      "has_needed_dye": "2024-06-25 22:13:23 +0000"
    },
    "done": true
  },
  "techreborn:recipes/chemical_reactor/light_blue_stained_glass_from_white_stained_glass_with_blue_dye": {
    "criteria": {
      "has_blue_dye": "2024-06-25 22:13:23 +0000"
    },
    "done": true
  },
  "betterdungeons:root": {
    "criteria": {
      "always": "2024-06-25 22:07:03 +0000"
    },
    "done": true
  },
  "betternether:recipes/decorations/quartz_glass_pane_blue": {
    "criteria": {
      "has_blue_dye": "2024-06-25 22:13:23 +0000"
    },
    "done": true
  },
  "handcrafted:recipes/misc/blue_plate": {
    "criteria": {
      "has_blue_plate": "2024-06-25 22:13:23 +0000"
    },
    "done": true
  },
  "techreborn:recipes/chemical_reactor/green_wool_from_yellow_wool_with_blue_dye": {
    "criteria": {
      "has_blue_dye": "2024-06-25 22:13:23 +0000"
    },
    "done": true
  },
  "promenade:recipes/crafting/vanilla_piles/cornflower": {
    "criteria": {
      "has_flower": "2024-06-25 22:11:51 +0000"
    },
    "done": true
  },
  "techreborn:recipes/centrifuge/hydrogen_cell": {
    "criteria": {
      "has_hydrogen": "2024-06-25 22:07:03 +0000"
    },
    "done": true
  },
  "minecraft:recipes/decorations/blue_candle": {
    "criteria": {
      "has_blue_dye": "2024-06-25 22:13:23 +0000"
    },
    "done": true
  },
  "croptopia:recipes/fruit_smoothie": {
    "criteria": {
      "has_fruit": "2024-06-25 22:08:31 +0000"
    },
    "done": true
  },
  "croptopia:recipes/cheeseburger": {
    "criteria": {
      "has_bread": "2024-06-25 22:07:03 +0000"
    },
    "done": true
  },
  "computercraft:recipes/redstone/turtle_advanced_overlays/turtle_rainbow_overlay": {
    "criteria": {
      "has_dye": "2024-06-25 22:13:23 +0000"
    },
    "done": true
  },
  "croptopia:recipes/food/toast_from_smoking_bread": {
    "criteria": {
      "has_bread": "2024-06-25 22:07:03 +0000"
    },
    "done": true
  },
  "ae2wtlib:recipes/wireless_pattern_encoding_terminal": {
    "criteria": {
      "has_wt": "2024-06-25 22:07:03 +0000"
    },
    "done": true
  },
  "ae2:recipes/misc/network/cables/dense_covered_blue": {
    "criteria": {
      "has_dyes/black": "2024-06-25 22:13:23 +0000"
    },
    "done": true
  },
  "herbalbrews:main/root": {
    "criteria": {
      "seeds": "2024-06-25 22:07:03 +0000"
    },
    "done": true
  },
  "betternether:recipes/food/stalagnate_bowl_mushroom": {
    "criteria": {
      "has_red_mushroom": "2024-06-25 22:16:29 +0000"
    },
    "done": true
  },
  "betterdeserttemples:root": {
    "criteria": {
      "always": "2024-06-25 22:07:03 +0000"
    },
    "done": true
  },
  "mcdw:recipes/crossbows/crossbow_azure_seeker": {
    "criteria": {
      "has_blue_dye": "2024-06-25 22:13:23 +0000"
    },
    "done": true
  },
  "botania:recipes/food/mushroom_stew": {
    "criteria": {
      "has_orig_recipe": "2024-06-25 22:16:29 +0000"
    },
    "done": true
  },
  "techreborn:recipes/chemical_reactor/purple_stained_glass_from_red_stained_glass_with_blue_dye": {
    "criteria": {
      "has_blue_dye": "2024-06-25 22:13:23 +0000"
    },
    "done": true
  },
  "techreborn:recipes/centrifuge/red_mushroom": {
    "criteria": {
      "has_red_mushroom": "2024-06-25 22:16:29 +0000"
    },
    "done": true
  },
  "mcda:recipes/upgrade_cores/upgrade_core_archer": {
    "criteria": {
      "has_core_specification_item": "2024-06-25 22:13:06 +0000"
    },
    "done": true
  },
  "frostiful:recipes/combat/armor/ice_skates": {
    "criteria": {
      "has_fur_boots": "2024-06-25 22:07:03 +0000"
    },
    "done": true
  },
  "techreborn:recipes/centrifuge/carrot": {
    "criteria": {
      "has_carrot": "2024-06-25 22:08:40 +0000"
    },
    "done": true
  },
  "techreborn:recipes/chemical_reactor/methane": {
    "criteria": {
      "has_hydrogen": "2024-06-25 22:07:03 +0000",
      "has_carbon": "2024-06-25 22:07:03 +0000"
    },
    "done": true
  },
  "computercraft:recipes/redstone/turtle_advanced_overlays/turtle_trans_overlay": {
    "criteria": {
      "has_dye": "2024-06-25 22:13:23 +0000"
    },
    "done": true
  },
  "techreborn:recipes/chemical_reactor/sodium_sulfide": {
    "criteria": {
      "has_sulfur": "2024-06-25 22:07:03 +0000",
      "has_sodium": "2024-06-25 22:07:03 +0000"
    },
    "done": true
  },
  "bewitchment:recipes/decorations/cypress_chest": {
    "criteria": {
      "has_lots_of_items": "2024-06-25 22:15:53 +0000"
    },
    "done": true
  },
  "advancednetherite:recipes/netherite_emerald_block": {
    "criteria": {
      "has_ingredients": "2024-06-25 22:07:03 +0000"
    },
    "done": true
  },
  "handcrafted:recipes/misc/blue_cup": {
    "criteria": {
      "has_blue_cup": "2024-06-25 22:13:23 +0000"
    },
    "done": true
  },
  "minecraft:recipes/food/mushroom_stew": {
    "criteria": {
      "has_red_mushroom": "2024-06-25 22:16:29 +0000"
    },
    "done": true
  },
  "minecraft:husbandry/balanced_diet": {
    "criteria": {
      "carrot": "2024-06-25 22:17:05 +0000"
    },
    "done": false
  },
  "techreborn:recipes/distillation_tower/diesel": {
    "criteria": {
      "has_oil": "2024-06-25 22:07:03 +0000"
    },
    "done": true
  },
  "mcdw:recipes/crossbows/crossbow_rapid": {
    "criteria": {
      "has_blue_dye": "2024-06-25 22:13:23 +0000"
    },
    "done": true
  },
  "techreborn:recipes/chemical_reactor/purple_terracotta_from_magenta_terracotta_with_blue_dye": {
    "criteria": {
      "has_blue_dye": "2024-06-25 22:13:23 +0000"
    },
    "done": true
  },
  "techreborn:recipes/chemical_reactor/blue_terracotta_from_light_blue_terracotta_with_blue_dye": {
    "criteria": {
      "has_blue_dye": "2024-06-25 22:13:23 +0000"
    },
    "done": true
  },
  "techreborn:recipes/chemical_reactor/nitro_diesel": {
    "criteria": {
      "has_diesel": "2024-06-25 22:07:03 +0000",
      "has_glyceryl": "2024-06-25 22:07:03 +0000"
    },
    "done": true
  },
  "techreborn:recipes/chemical_reactor/green_stained_glass_pane_from_yellow_stained_glass_pane_with_blue_dye": {
    "criteria": {
      "has_blue_dye": "2024-06-25 22:13:23 +0000"
    },
    "done": true
  },
  "advancednetherite:recipes/netherite_gold_block": {
    "criteria": {
      "has_ingredients": "2024-06-25 22:07:03 +0000"
    },
    "done": true
  },
  "farmersdelight:recipes/cooking/rabbit_stew": {
    "criteria": {
      "has_any_ingredient": "2024-06-25 22:08:40 +0000"
    },
    "done": true
  },
  "toms_storage:unlock_glowstone": {
    "criteria": {
      "inv_changed-glowstone": "2024-06-25 22:07:03 +0000"
    },
    "done": true
  },
  "betterend:recipes/misc/thallasium_bulb_lantern_blue": {
    "criteria": {
      "has_blue_dye": "2024-06-25 22:13:23 +0000"
    },
    "done": true
  },
  "farmersdelight:recipes/cooking/mushroom_stew": {
    "criteria": {
      "has_any_ingredient": "2024-06-25 22:16:29 +0000"
    },
    "done": true
  },
  "techreborn:recipes/chemical_reactor/cyan_concrete_powder_from_green_concrete_powder_with_blue_dye": {
    "criteria": {
      "has_blue_dye": "2024-06-25 22:13:23 +0000"
    },
    "done": true
  },
  "techreborn:recipes/centrifuge/sulfur_cell": {
    "criteria": {
      "has_sulfur": "2024-06-25 22:07:03 +0000"
    },
    "done": true
  },
  "techreborn:recipes/chemical_reactor/purple_terracotta_from_red_terracotta_with_blue_dye": {
    "criteria": {
      "has_blue_dye": "2024-06-25 22:13:23 +0000"
    },
    "done": true
  },
  "techreborn:recipes/chemical_reactor/blue_stained_glass_from_light_blue_stained_glass_with_blue_dye": {
    "criteria": {
      "has_blue_dye": "2024-06-25 22:13:23 +0000"
    },
    "done": true
  },
  "advancednetherite:recipes/building_blocks/netherite_diamond_block": {
    "criteria": {
      "has_the_recipe": "2024-06-25 22:07:03 +0000"
    },
    "done": true
  },
  "archon:root": {
    "criteria": {
      "tick": "2024-06-25 22:07:03 +0000"
    },
    "done": true
  },
  "ae2:recipes/misc/network/cables/dense_smart_blue": {
    "criteria": {
      "has_dyes/black": "2024-06-25 22:13:23 +0000"
    },
    "done": true
  },
  "ae2:recipes/misc/network/cables/smart_blue": {
    "criteria": {
      "has_dyes/black": "2024-06-25 22:13:23 +0000"
    },
    "done": true
  },
  "techreborn:recipes/chemical_reactor/cyan_stained_glass_pane_from_green_stained_glass_pane_with_blue_dye": {
    "criteria": {
      "has_blue_dye": "2024-06-25 22:13:23 +0000"
    },
    "done": true
  },
  "croptopia:recipes/misc/apple_sapling": {
    "criteria": {
      "has_apple": "2024-06-25 22:08:31 +0000"
    },
    "done": true
  },
  "techreborn:recipes/chemical_reactor/blue_stained_glass_from_cyan_stained_glass_with_blue_dye": {
    "criteria": {
      "has_blue_dye": "2024-06-25 22:13:23 +0000"
    },
    "done": true
  },
  "techreborn:recipes/compressor/compressed_plantball_from_plantball": {
    "criteria": {
      "has_plantball": "2024-06-25 22:07:03 +0000"
    },
    "done": true
  },
  "minecraft:recipes/misc/light_blue_dye_from_blue_white_dye": {
    "criteria": {
      "has_blue_dye": "2024-06-25 22:13:23 +0000"
    },
    "done": true
  },
  "ae2wtlib:recipes/wireless_universal_terminal/upgrade_pattern_encoding": {
    "criteria": {
      "has_wpt": "2024-06-25 22:07:03 +0000"
    },
    "done": true
  },
  "minecraft:recipes/building_blocks/dye_blue_carpet": {
    "criteria": {
      "has_needed_dye": "2024-06-25 22:13:23 +0000"
    },
    "done": true
  },
  "techreborn:recipes/vacuum_freezer/helium": {
    "criteria": {
      "has_heliumplasma": "2024-06-25 22:07:03 +0000"
    },
    "done": true
  },
  "the_bumblezone:root": {
    "criteria": {
      "instant_granted": "2024-06-25 22:07:03 +0000"
    },
    "done": true
  },
  "techreborn:recipes/centrifuge/helium_cell": {
    "criteria": {
      "has_helium": "2024-06-25 22:07:03 +0000"
    },
    "done": true
  },
  "techreborn:recipes/chemical_reactor/light_blue_candle_from_white_candle_with_blue_dye": {
    "criteria": {
      "has_blue_dye": "2024-06-25 22:13:23 +0000"
    },
    "done": true
  },
  "techreborn:recipes/chemical_reactor/blue_concrete_powder_from_light_blue_concrete_powder_with_blue_dye": {
    "criteria": {
      "has_blue_dye": "2024-06-25 22:13:23 +0000"
    },
    "done": true
  },
  "techreborn:recipes/chemical_reactor/blue_carpet_from_light_blue_carpet_with_blue_dye": {
    "criteria": {
      "has_blue_dye": "2024-06-25 22:13:23 +0000"
    },
    "done": true
  },
  "techreborn:recipes/chemical_reactor/blue_stained_glass_pane_from_glass_pane_with_blue_dye": {
    "criteria": {
      "has_blue_dye": "2024-06-25 22:13:23 +0000"
    },
    "done": true
  },
  "techreborn:recipes/chemical_reactor/purple_concrete_powder_from_red_concrete_powder_with_blue_dye": {
    "criteria": {
      "has_blue_dye": "2024-06-25 22:13:23 +0000"
    },
    "done": true
  },
  "betternether:recipes/building_blocks/quartz_glass_framed_blue": {
    "criteria": {
      "has_blue_dye": "2024-06-25 22:13:23 +0000"
    },
    "done": true
  },
  "techreborn:recipes/chemical_reactor/purple_carpet_from_red_carpet_with_blue_dye": {
    "criteria": {
      "has_blue_dye": "2024-06-25 22:13:23 +0000"
    },
    "done": true
  },
  "croptopia:recipes/food/toast_from_bread": {
    "criteria": {
      "has_bread": "2024-06-25 22:07:03 +0000"
    },
    "done": true
  },
  "techreborn:recipes/chemical_reactor/blue_carpet_from_white_carpet_with_blue_dye": {
    "criteria": {
      "has_blue_dye": "2024-06-25 22:13:23 +0000"
    },
    "done": true
  },
  "bewitchment:recipes/decorations/dragons_blood_chest": {
    "criteria": {
      "has_lots_of_items": "2024-06-25 22:15:53 +0000"
    },
    "done": true
  },
  "bewitchment:recipes/decorations/juniper_chest": {
    "criteria": {
      "has_lots_of_items": "2024-06-25 22:15:53 +0000"
    },
    "done": true
  },
  "techreborn:recipes/chemical_reactor/blue_wool_from_white_wool_with_blue_dye": {
    "criteria": {
      "has_blue_dye": "2024-06-25 22:13:23 +0000"
    },
    "done": true
  },
  "computercraft:recipes/redstone/turtle_normal_overlays/turtle_rainbow_overlay": {
    "criteria": {
      "has_dye": "2024-06-25 22:13:23 +0000"
    },
    "done": true
  },
  "minecraft:recipes/misc/cyan_dye": {
    "criteria": {
      "has_blue_dye": "2024-06-25 22:13:23 +0000"
    },
    "done": true
  },
  "advancednetherite:recipes/misc/netherite_iron_ingot_from_block": {
    "criteria": {
      "has_the_recipe": "2024-06-25 22:07:03 +0000"
    },
    "done": true
  },
  "betternether:recipes/misc/wall_red_brown": {
    "criteria": {
      "has_red_mushroom": "2024-06-25 22:16:29 +0000"
    },
    "done": true
  },
  "techreborn:recipes/extractor/orange_dye_from_carrot": {
    "criteria": {
      "has_carrot": "2024-06-25 22:08:40 +0000"
    },
    "done": true
  },
  "supplementaries:recipes/flower_box": {
    "criteria": {
      "has_dirt": "2024-06-25 22:08:21 +0000"
    },
    "done": true
  },
  "minecraft:recipes/misc/bowl": {
    "criteria": {
      "has_red_mushroom": "2024-06-25 22:16:29 +0000"
    },
    "done": true
  },
  "techreborn:recipes/chemical_reactor/blue_terracotta_from_cyan_terracotta_with_blue_dye": {
    "criteria": {
      "has_blue_dye": "2024-06-25 22:13:23 +0000"
    },
    "done": true
  },
  "farmersdelight:recipes/cooking/vegetable_noodles": {
    "criteria": {
      "has_any_ingredient": "2024-06-25 22:08:40 +0000"
    },
    "done": true
  },
  "croptopia:recipes/misc/apple_pie": {
    "criteria": {
      "has_apple": "2024-06-25 22:08:31 +0000"
    },
    "done": true
  },
  "frostiful:recipes/combat/armor/fur_padded_chainmail_helmet": {
    "criteria": {
      "has_fur_armor": "2024-06-25 22:07:03 +0000"
    },
    "done": true
  },
  "techreborn:recipes/chemical_reactor/blue_candle_from_light_blue_candle_with_blue_dye": {
    "criteria": {
      "has_blue_dye": "2024-06-25 22:13:23 +0000"
    },
    "done": true
  },
  "farmersdelight:recipes/cooking/fried_rice": {
    "criteria": {
      "has_any_ingredient": "2024-06-25 22:08:40 +0000"
    },
    "done": true
  },
  "techreborn:recipes/chemical_reactor/sodium_persulfate": {
    "criteria": {
      "has_sodium_sulfide": "2024-06-25 22:07:03 +0000"
    },
    "done": true
  },
  "techreborn:recipes/chemical_reactor/nitro_carbon": {
    "criteria": {
      "has_nitrogen": "2024-06-25 22:07:03 +0000"
    },
    "done": true
  },
  "farmersdelight:recipes/cooking/beef_stew": {
    "criteria": {
      "has_any_ingredient": "2024-06-25 22:08:40 +0000"
    },
    "done": true
  },
  "bewitchment:recipes/decorations/elder_chest": {
    "criteria": {
      "has_lots_of_items": "2024-06-25 22:15:53 +0000"
    },
    "done": true
  },
  "farmersdelight:main/root": {
    "criteria": {
      "seeds": "2024-06-25 22:07:03 +0000"
    },
    "done": true
  },
  "frostiful:recipes/combat/armor/fur_padded_chainmail_chestplate": {
    "criteria": {
      "has_fur_armor": "2024-06-25 22:07:03 +0000"
    },
    "done": true
  },
  "croptopia:recipes/documentation": {
    "criteria": {
      "has_crop": "2024-06-25 22:08:31 +0000"
    },
    "done": true
  },
  "minecraft:recipes/transportation/carrot_on_a_stick": {
    "criteria": {
      "has_carrot": "2024-06-25 22:08:40 +0000"
    },
    "done": true
  },
  "regions_unexplored:recipes/building_blocks/viridescent_nylium": {
    "criteria": {
      "has_mushroom": "2024-06-25 22:16:29 +0000"
    },
    "done": true
  },
  "frostiful:recipes/combat/armor/fur_padded_chainmail_boots": {
    "criteria": {
      "has_fur_armor": "2024-06-25 22:07:03 +0000"
    },
    "done": true
  },
  "minecraft:adventure/adventuring_time": {
    "criteria": {
      "minecraft:sunflower_plains": "2024-06-25 22:08:14 +0000",
      "minecraft:beach": "2024-06-25 22:10:21 +0000",
      "minecraft:plains": "2024-06-25 22:07:03 +0000"
    },
    "done": false
  },
  "rpg_classes:obtain_arrow": {
    "criteria": {
      "arrow": "2024-06-25 22:13:06 +0000"
    },
    "done": true
  },
  "techreborn:recipes/chemical_reactor/light_blue_concrete_powder_from_light_gray_concrete_powder_with_blue_dye": {
    "criteria": {
      "has_blue_dye": "2024-06-25 22:13:23 +0000"
    },
    "done": true
  },
  "things:root": {
    "criteria": {
      "tick": "2024-06-25 22:07:03 +0000"
    },
    "done": true
  },
  "croptopia:recipes/misc/apple_juice": {
    "criteria": {
      "has_apple": "2024-06-25 22:08:31 +0000"
    },
    "done": true
  },
  "advancednetherite:recipes/building_blocks/netherite_iron_block": {
    "criteria": {
      "has_the_recipe": "2024-06-25 22:07:03 +0000"
    },
    "done": true
  },
  "techreborn:recipes/centrifuge/bread": {
    "criteria": {
      "has_bread": "2024-06-25 22:07:03 +0000"
    },
    "done": true
  },
  "minecraft:recipes/decorations/blue_stained_glass_pane_from_glass_pane": {
    "criteria": {
      "has_blue_dye": "2024-06-25 22:13:23 +0000"
    },
    "done": true
  },
  "techreborn:recipes/chemical_reactor/cyan_wool_from_green_wool_with_blue_dye": {
    "criteria": {
      "has_blue_dye": "2024-06-25 22:13:23 +0000"
    },
    "done": true
  },
  "create:root": {
    "criteria": {
      "0": "2024-06-25 22:07:03 +0000"
    },
    "done": true
  },
  "techreborn:recipes/chemical_reactor/green_stained_glass_from_yellow_stained_glass_with_blue_dye": {
    "criteria": {
      "has_blue_dye": "2024-06-25 22:13:23 +0000"
    },
    "done": true
  },
  "ae2wtlib:recipes/wireless_universal_terminal/upgrade_pattern_access": {
    "criteria": {
      "has_wit": "2024-06-25 22:07:03 +0000"
    },
    "done": true
  },
  "farmersdelight:recipes/cooking/chicken_soup": {
    "criteria": {
      "has_any_ingredient": "2024-06-25 22:08:40 +0000"
    },
    "done": true
  },
  "minecraft:recipes/misc/magenta_dye_from_blue_red_pink": {
    "criteria": {
      "has_blue_dye": "2024-06-25 22:13:23 +0000"
    },
    "done": true
  },
  "techreborn:recipes/chemical_reactor/purple_candle_from_red_candle_with_blue_dye": {
    "criteria": {
      "has_blue_dye": "2024-06-25 22:13:23 +0000"
    },
    "done": true
  },
  "techreborn:recipes/chemical_reactor/light_blue_terracotta_from_light_gray_terracotta_with_blue_dye": {
    "criteria": {
      "has_blue_dye": "2024-06-25 22:13:23 +0000"
    },
    "done": true
  },
  "naturalist:recipes/food/cooked_egg": {
    "criteria": {
      "has_eggs": "2024-06-25 22:07:03 +0000"
    },
    "done": true
  },
  "toms_storage:unlock_netherite": {
    "criteria": {
      "inv_changed-netherite": "2024-06-25 22:07:03 +0000"
    },
    "done": true
  },
  "techreborn:recipes/chemical_reactor/blue_concrete_powder_from_cyan_concrete_powder_with_blue_dye": {
    "criteria": {
      "has_blue_dye": "2024-06-25 22:13:23 +0000"
    },
    "done": true
  },
  "vinery:recipes/dirt_slab": {
    "criteria": {
      "has_dirt": "2024-06-25 22:08:21 +0000"
    },
    "done": true
  },
  "travelersbackpack:recipes/building_blocks/dye_blue_sleeping_bag": {
    "criteria": {
      "has_needed_dye": "2024-06-25 22:13:23 +0000"
    },
    "done": true
  },
  "seasonsextras:recipes/tinted_greenhouse_glass": {
    "criteria": {
      "has_glass": "2024-06-25 22:07:03 +0000"
    },
    "done": true
  },
  "techreborn:recipes/chemical_reactor/light_blue_carpet_from_light_gray_carpet_with_blue_dye": {
    "criteria": {
      "has_blue_dye": "2024-06-25 22:13:23 +0000"
    },
    "done": true
  },
  "toms_storage:unlock_chest": {
    "criteria": {
      "inv_changed-chest": "2024-06-25 22:07:03 +0000"
    },
    "done": true
  },
  "techreborn:recipes/chemical_reactor/cyan_stained_glass_from_green_stained_glass_with_blue_dye": {
    "criteria": {
      "has_blue_dye": "2024-06-25 22:13:23 +0000"
    },
    "done": true
  },
  "minecraft:recipes/building_blocks/dye_blue_wool": {
    "criteria": {
      "has_needed_dye": "2024-06-25 22:13:23 +0000"
    },
    "done": true
  },
  "botania:recipes/decorations/mushroom_14": {
    "criteria": {
      "has_item": "2024-06-25 22:16:29 +0000"
    },
    "done": true
  },
  "botania:recipes/decorations/mushroom_15": {
    "criteria": {
      "has_item": "2024-06-25 22:16:29 +0000"
    },
    "done": true
  },
  "botania:recipes/decorations/mushroom_10": {
    "criteria": {
      "has_item": "2024-06-25 22:16:29 +0000"
    },
    "done": true
  },
  "botania:recipes/decorations/mushroom_11": {
    "criteria": {
      "has_item": "2024-06-25 22:16:29 +0000"
    },
    "done": true
  },
  "botania:recipes/decorations/mushroom_12": {
    "criteria": {
      "has_item": "2024-06-25 22:16:29 +0000"
    },
    "done": true
  },
  "botania:recipes/decorations/mushroom_13": {
    "criteria": {
      "has_item": "2024-06-25 22:16:29 +0000"
    },
    "done": true
  },
  "frostiful:recipes/combat/armor/armored_ice_skates": {
    "criteria": {
      "has_fur_boots": "2024-06-25 22:07:03 +0000"
    },
    "done": true
  },
  "techreborn:recipes/chemical_reactor/blue_stained_glass_from_glass_with_blue_dye": {
    "criteria": {
      "has_blue_dye": "2024-06-25 22:13:23 +0000"
    },
    "done": true
  },
  "techreborn:recipes/chemical_reactor/green_terracotta_from_yellow_terracotta_with_blue_dye": {
    "criteria": {
      "has_blue_dye": "2024-06-25 22:13:23 +0000"
    },
    "done": true
  },
  "ae2wtlib:recipes/wireless_pattern_access_terminal": {
    "criteria": {
      "has_wt": "2024-06-25 22:07:03 +0000"
    },
    "done": true
  },
  "techreborn:recipes/chemical_reactor/green_carpet_from_yellow_carpet_with_blue_dye": {
    "criteria": {
      "has_blue_dye": "2024-06-25 22:13:23 +0000"
    },
    "done": true
  },
  "minecraft:recipes/misc/blue_dye_from_cornflower": {
    "criteria": {
      "has_cornflower": "2024-06-25 22:11:51 +0000"
    },
    "done": true
  },
  "techreborn:recipes/chemical_reactor/cyan_carpet_from_green_carpet_with_blue_dye": {
    "criteria": {
      "has_blue_dye": "2024-06-25 22:13:23 +0000"
    },
    "done": true
  },
  "techreborn:recipes/centrifuge/deuterium_cell": {
    "criteria": {
      "has_deuterium": "2024-06-25 22:07:03 +0000"
    },
    "done": true
  },
  "frostiful:recipes/misc/snowflake_banner_pattern": {
    "criteria": {
      "has_packed_snowball": "2024-06-25 22:07:03 +0000"
    },
    "done": true
  },
  "techreborn:recipes/chemical_reactor/golden_carrot": {
    "criteria": {
      "has_carrot": "2024-06-25 22:08:40 +0000"
    },
    "done": true
  },
  "techreborn:recipes/chemical_reactor/blue_candle_from_cyan_candle_with_blue_dye": {
    "criteria": {
      "has_blue_dye": "2024-06-25 22:13:23 +0000"
    },
    "done": true
  },
  "advancednetherite:recipes/building_blocks/netherite_emerald_block": {
    "criteria": {
      "has_the_recipe": "2024-06-25 22:07:03 +0000"
    },
    "done": true
  },
  "techreborn:recipes/chemical_reactor/cyan_terracotta_from_green_terracotta_with_blue_dye": {
    "criteria": {
      "has_blue_dye": "2024-06-25 22:13:23 +0000"
    },
    "done": true
  },
  "techreborn:recipes/chemical_reactor/blue_wool_from_cyan_wool_with_blue_dye": {
    "criteria": {
      "has_blue_dye": "2024-06-25 22:13:23 +0000"
    },
    "done": true
  },
  "rpg_classes:root": {
    "criteria": {
      "always": "2024-06-25 22:07:03 +0000"
    },
    "done": true
  },
  "techreborn:recipes/chemical_reactor/light_blue_candle_from_light_gray_candle_with_blue_dye": {
    "criteria": {
      "has_blue_dye": "2024-06-25 22:13:23 +0000"
    },
    "done": true
  },
  "seasonsextras:recipes/greenhouse_glass": {
    "criteria": {
      "has_glass": "2024-06-25 22:07:03 +0000"
    },
    "done": true
  },
  "mythicmobs:mythicmobs": {
    "criteria": {
      "tick": "2024-06-25 22:07:03 +0000"
    },
    "done": true
  },
  "frostiful:recipes/combat/armor/fur_padded_chainmail_leggings": {
    "criteria": {
      "has_fur_armor": "2024-06-25 22:07:03 +0000"
    },
    "done": true
  },
  "vinery:main/root": {
    "criteria": {
      "seeds": "2024-06-25 22:07:03 +0000"
    },
    "done": true
  },
  "advancednetherite:recipes/misc/netherite_emerald_ingot_from_block": {
    "criteria": {
      "has_the_recipe": "2024-06-25 22:07:03 +0000"
    },
    "done": true
  },
  "techreborn:recipes/chemical_reactor/blue_stained_glass_pane_from_cyan_stained_glass_pane_with_blue_dye": {
    "criteria": {
      "has_blue_dye": "2024-06-25 22:13:23 +0000"
    },
    "done": true
  },
  "advancednetherite:recipes/netherite_iron_block": {
    "criteria": {
      "has_ingredients": "2024-06-25 22:07:03 +0000"
    },
    "done": true
  },
  "techreborn:recipes/chemical_reactor/purple_wool_from_red_wool_with_blue_dye": {
    "criteria": {
      "has_blue_dye": "2024-06-25 22:13:23 +0000"
    },
    "done": true
  },
  "techreborn:recipes/chemical_reactor/purple_concrete_powder_from_magenta_concrete_powder_with_blue_dye": {
    "criteria": {
      "has_blue_dye": "2024-06-25 22:13:23 +0000"
    },
    "done": true
  },
  "techreborn:recipes/chemical_reactor/glyceryl": {
    "criteria": {
      "has_nitro_carbon": "2024-06-25 22:07:03 +0000"
    },
    "done": true
  },
  "minecraft:recipes/misc/purple_dye": {
    "criteria": {
      "has_blue_dye": "2024-06-25 22:13:23 +0000"
    },
    "done": true
  },
  "advancednetherite:recipes/netherite_ingots": {
    "criteria": {
      "has_ingredients": "2024-06-25 22:07:03 +0000"
    },
    "done": true
  },
  "techreborn:recipes/fusion_reactor/platinum_dust": {
    "criteria": {
      "has_beryllium": "2024-06-25 22:07:03 +0000",
      "has_wolframium": "2024-06-25 22:07:03 +0000"
    },
    "done": true
  },
  "techreborn:recipes/blast_furnace/silicon_plate": {
    "criteria": {
      "has_silicon": "2024-06-25 22:07:03 +0000"
    },
    "done": true
  },
  "toms_storage:unlock_dia_pearl": {
    "criteria": {
      "inv_changed-ender_pearl": "2024-06-25 22:07:03 +0000",
      "inv_changed-diamond": "2024-06-25 22:07:03 +0000"
    },
    "done": true
  },
  "techreborn:recipes/chemical_reactor/nitrogen_dioxide": {
    "criteria": {
      "has_nitrogen": "2024-06-25 22:07:03 +0000"
    },
    "done": true
  },
  "minecraft:adventure/kill_a_mob": {
    "criteria": {
      "minecraft:skeleton": "2024-06-25 22:13:05 +0000"
    },
    "done": true
  },
  "techreborn:recipes/compressor/compressed_plantball": {
    "criteria": {
      "has_plantball_material": "2024-06-25 22:08:31 +0000"
    },
    "done": true
  },
  "vinery:main/get_apple": {
    "criteria": {
      "apple": "2024-06-25 22:08:31 +0000"
    },
    "done": true
  },
  "farmersdelight:recipes/cooking/vegetable_soup": {
    "criteria": {
      "has_any_ingredient": "2024-06-25 22:08:40 +0000"
    },
    "done": true
  },
  "ae2:recipes/misc/network/cables/glass_blue": {
    "criteria": {
      "has_dyes/black": "2024-06-25 22:13:23 +0000"
    },
    "done": true
  },
  "techreborn:recipes/centrifuge/calcium_carbonate_cell": {
    "criteria": {
      "has_calcium_carbonate": "2024-06-25 22:07:03 +0000"
    },
    "done": true
  },
  "advancednetherite:recipes/misc/netherite_diamond_ingot_from_block": {
    "criteria": {
      "has_the_recipe": "2024-06-25 22:07:03 +0000"
    },
    "done": true
  },
  "ae2wtlib:recipes/magnet_card": {
    "criteria": {
      "has_wct": "2024-06-25 22:07:03 +0000"
    },
    "done": true
  },
  "techreborn:recipes/chemical_reactor/nitrofuel": {
    "criteria": {
      "has_oil": "2024-06-25 22:07:03 +0000",
      "has_nitrogen": "2024-06-25 22:07:03 +0000"
    },
    "done": true
  },
  "techreborn:recipes/chemical_reactor/green_concrete_powder_from_yellow_concrete_powder_with_blue_dye": {
    "criteria": {
      "has_blue_dye": "2024-06-25 22:13:23 +0000"
    },
    "done": true
  },
  "techreborn:recipes/chemical_reactor/blue_carpet_from_cyan_carpet_with_blue_dye": {
    "criteria": {
      "has_blue_dye": "2024-06-25 22:13:23 +0000"
    },
    "done": true
  },
  "techreborn:recipes/extractor/blue_dye_from_cornflower": {
    "criteria": {
      "has_cornflower": "2024-06-25 22:11:51 +0000"
    },
    "done": true
  },
  "naturalist:recipes/naturalist/spectral_arrow_from_glow_goop": {
    "criteria": {
      "has_glow_goop": "2024-06-25 22:16:09 +0000"
    },
    "done": true
  },
  "repurposed_structures:root": {
    "criteria": {
      "always": "2024-06-25 22:07:03 +0000"
    },
    "done": true
  },
  "betterend:recipes/misc/hydralux_petal_block_blue": {
    "criteria": {
      "has_blue_dye": "2024-06-25 22:13:23 +0000"
    },
    "done": true
  },
  "techreborn:recipes/chemical_reactor/golden_apple": {
    "criteria": {
      "has_apple": "2024-06-25 22:08:31 +0000"
    },
    "done": true
  },
  "techreborn:recipes/chemical_reactor/purple_candle_from_magenta_candle_with_blue_dye": {
    "criteria": {
      "has_blue_dye": "2024-06-25 22:13:23 +0000"
    },
    "done": true
  },
  "techreborn:recipes/chemical_reactor/light_blue_terracotta_from_white_terracotta_with_blue_dye": {
    "criteria": {
      "has_blue_dye": "2024-06-25 22:13:23 +0000"
    },
    "done": true
  },
  "minecraft:adventure/kill_all_mobs": {
    "criteria": {
      "minecraft:skeleton": "2024-06-25 22:13:05 +0000"
    },
    "done": false
  },
  "techreborn:recipes/chemical_reactor/water": {
    "criteria": {
      "has_hydrogen": "2024-06-25 22:07:03 +0000",
      "has_compressed_air": "2024-06-25 22:07:03 +0000"
    },
    "done": true
  },
  "seasonsextras:recipes/season_detector": {
    "criteria": {
      "has_detector": "2024-06-25 22:07:03 +0000"
    },
    "done": true
  },
  "techreborn:recipes/chemical_reactor/nitrocoal_fuel": {
    "criteria": {
      "has_glyceryl": "2024-06-25 22:07:03 +0000"
    },
    "done": true
  },
  "techreborn:recipes/chemical_reactor/purple_stained_glass_pane_from_red_stained_glass_pane_with_blue_dye": {
    "criteria": {
      "has_blue_dye": "2024-06-25 22:13:23 +0000"
    },
    "done": true
  },
  "seasonsextras:recipes/crop_season_tester": {
    "criteria": {
      "has_iron": "2024-06-25 22:07:03 +0000"
    },
    "done": true
  },
  "techreborn:recipes/centrifuge/lava_cell": {
    "criteria": {
      "has_lava": "2024-06-25 22:07:03 +0000"
    },
    "done": true
  },
  "techreborn:recipes/chemical_reactor/sulfuric_acid": {
    "criteria": {
      "has_sulfur": "2024-06-25 22:07:03 +0000"
    },
    "done": true
  },
  "techreborn:recipes/chemical_reactor/purple_stained_glass_pane_from_magenta_stained_glass_pane_with_blue_dye": {
    "criteria": {
      "has_blue_dye": "2024-06-25 22:13:23 +0000"
    },
    "done": true
  },
  "advancednetherite:recipes/building_blocks/netherite_gold_block": {
    "criteria": {
      "has_the_recipe": "2024-06-25 22:07:03 +0000"
    },
    "done": true
  },
  "ae2wtlib:recipes/wireless_universal_terminal/ce": {
    "criteria": {
      "has_wpt": "2024-06-25 22:07:03 +0000",
      "has_wct": "2024-06-25 22:07:03 +0000"
    },
    "done": true
  },
  "ae2wtlib:recipes/wireless_universal_terminal/ca": {
    "criteria": {
      "has_wit": "2024-06-25 22:07:03 +0000",
      "has_wct": "2024-06-25 22:07:03 +0000"
    },
    "done": true
  },
  "dungeons_arise:wda_root": {
    "criteria": {
      "WDA": "2024-06-25 22:07:03 +0000"
    },
    "done": true
  },
  "ae2wtlib:recipes/wireless_universal_terminal/ae": {
    "criteria": {
      "has_wit": "2024-06-25 22:07:03 +0000",
      "has_wpt": "2024-06-25 22:07:03 +0000"
    },
    "done": true
  },
  "betternether:recipes/building_blocks/quartz_glass_blue": {
    "criteria": {
      "has_blue_dye": "2024-06-25 22:13:23 +0000"
    },
    "done": true
  },
  "advancednetherite:recipes/misc/netherite_gold_ingot": {
    "criteria": {
      "has_the_recipe": "2024-06-25 22:07:03 +0000"
    },
    "done": true
  },
  "techreborn:recipes/chemical_reactor/blue_candle_from_candle_with_blue_dye": {
    "criteria": {
      "has_blue_dye": "2024-06-25 22:13:23 +0000"
    },
    "done": true
  },
  "techreborn:recipes/centrifuge/dirt": {
    "criteria": {
      "has_dirt": "2024-06-25 22:08:21 +0000"
    },
    "done": true
  },
  "minecraft:adventure/root": {
    "criteria": {
      "killed_something": "2024-06-25 22:13:05 +0000"
    },
    "done": true
  },
  "techreborn:recipes/centrifuge/apple": {
    "criteria": {
      "has_apple": "2024-06-25 22:08:31 +0000"
    },
    "done": true
  },
  "betternether:recipes/decorations/quartz_glass_framed_pane_blue": {
    "criteria": {
      "has_blue_dye": "2024-06-25 22:13:23 +0000"
    },
    "done": true
  },
  "botania:recipes/decorations/mushroom_0": {
    "criteria": {
      "has_item": "2024-06-25 22:16:29 +0000"
    },
    "done": true
  },
  "botania:recipes/decorations/mushroom_1": {
    "criteria": {
      "has_item": "2024-06-25 22:16:29 +0000"
    },
    "done": true
  },
  "botania:recipes/decorations/mushroom_2": {
    "criteria": {
      "has_item": "2024-06-25 22:16:29 +0000"
    },
    "done": true
  },
  "botania:recipes/decorations/mushroom_3": {
    "criteria": {
      "has_item": "2024-06-25 22:16:29 +0000"
    },
    "done": true
  },
  "botania:recipes/decorations/mushroom_4": {
    "criteria": {
      "has_item": "2024-06-25 22:16:29 +0000"
    },
    "done": true
  },
  "botania:recipes/decorations/mushroom_5": {
    "criteria": {
      "has_item": "2024-06-25 22:16:29 +0000"
    },
    "done": true
  },
  "botania:recipes/decorations/mushroom_6": {
    "criteria": {
      "has_item": "2024-06-25 22:16:29 +0000"
    },
    "done": true
  },
  "botania:recipes/decorations/mushroom_7": {
    "criteria": {
      "has_item": "2024-06-25 22:16:29 +0000"
    },
    "done": true
  },
  "botania:recipes/decorations/mushroom_8": {
    "criteria": {
      "has_item": "2024-06-25 22:16:29 +0000"
    },
    "done": true
  },
  "botania:recipes/decorations/mushroom_9": {
    "criteria": {
      "has_item": "2024-06-25 22:16:29 +0000"
    },
    "done": true
  },
  "minecraft:recipes/misc/magenta_dye_from_blue_red_white_dye": {
    "criteria": {
      "has_blue_dye": "2024-06-25 22:13:23 +0000"
    },
    "done": true
  },
  "mcdw:recipes/crossbows/crossbow_spellbound": {
    "criteria": {
      "has_blue_dye": "2024-06-25 22:13:23 +0000"
    },
    "done": true
  },
  "advancednetherite:recipes/misc/netherite_gold_ingot_from_block": {
    "criteria": {
      "has_the_recipe": "2024-06-25 22:07:03 +0000"
    },
    "done": true
  },
  "ae2wtlib:recipes/quantum_bridge_card": {
    "criteria": {
      "has_wit": "2024-06-25 22:07:03 +0000",
      "has_wpt": "2024-06-25 22:07:03 +0000",
      "has_wct": "2024-06-25 22:07:03 +0000"
    },
    "done": true
  },
  "regions_unexplored:parent": {
    "criteria": {
      "load_in_world": "2024-06-25 22:07:03 +0000"
    },
    "done": true
  },
  "seasonsextras:recipes/air_conditioning": {
    "criteria": {
      "has_furnace": "2024-06-25 22:07:03 +0000"
    },
    "done": true
  },
  "techreborn:recipes/fusion_reactor/helium_plasma": {
    "criteria": {
      "has_helium3": "2024-06-25 22:07:03 +0000",
      "has_deuterium": "2024-06-25 22:07:03 +0000"
    },
    "done": true
  },
  "techreborn:recipes/blast_furnace/titanium_ingot": {
    "criteria": {
      "has_titanium_dust": "2024-06-25 22:07:03 +0000"
    },
    "done": true
  },
  "techreborn:recipes/fusion_reactor/helium3": {
    "criteria": {
      "has_tritium": "2024-06-25 22:07:03 +0000",
      "has_deuterium": "2024-06-25 22:07:03 +0000"
    },
    "done": true
  },
  "techreborn:recipes/chemical_reactor/blue_terracotta_from_terracotta_with_blue_dye": {
    "criteria": {
      "has_blue_dye": "2024-06-25 22:13:23 +0000"
    },
    "done": true
  },
  "lootr:root": {
    "criteria": {
      "always_true": "2024-06-25 22:07:03 +0000"
    },
    "done": true
  },
  "advancednetherite:recipes/misc/netherite_emerald_ingot": {
    "criteria": {
      "has_the_recipe": "2024-06-25 22:07:03 +0000"
    },
    "done": true
  },
  "minecraft:husbandry/root": {
    "criteria": {
      "consumed_item": "2024-06-25 22:17:05 +0000"
    },
    "done": true
  },
  "techreborn:recipes/chemical_reactor/light_blue_stained_glass_from_light_gray_stained_glass_with_blue_dye": {
    "criteria": {
      "has_blue_dye": "2024-06-25 22:13:23 +0000"
    },
    "done": true
  },
  "techreborn:recipes/chemical_reactor/cyan_candle_from_green_candle_with_blue_dye": {
    "criteria": {
      "has_blue_dye": "2024-06-25 22:13:23 +0000"
    },
    "done": true
  },
  "betterend:recipes/misc/terminite_bulb_lantern_blue": {
    "criteria": {
      "has_blue_dye": "2024-06-25 22:13:23 +0000"
    },
    "done": true
  },
  "the_bumblezone:wiki": {
    "criteria": {
      "instant_granted": "2024-06-25 22:07:03 +0000"
    },
    "done": true
  },
  "brewery:main/root": {
    "criteria": {
      "seeds": "2024-06-25 22:07:03 +0000"
    },
    "done": true
  },
  "croptopia:recipes/fruit_salad": {
    "criteria": {
      "has_apple": "2024-06-25 22:08:31 +0000"
    },
    "done": true
  },
  "handcrafted:recipes/misc/blue_crockery_combo": {
    "criteria": {
      "has_blue_crockery_combo": "2024-06-25 22:13:23 +0000"
    },
    "done": true
  },
  "techreborn:recipes/compressor/compressed_plantball_from_melon_slices": {
    "criteria": {
      "has_melon_slice": "2024-06-25 22:07:03 +0000"
    },
    "done": true
  },
  "mcdw:recipes/bows/bow_snow_bow": {
    "criteria": {
      "has_blue_dye": "2024-06-25 22:13:23 +0000"
    },
    "done": true
  },
  "botania:recipes/building_blocks/azulejo_0": {
    "criteria": {
      "has_item": "2024-06-25 22:13:23 +0000"
    },
    "done": true
  },
  "techreborn:recipes/fusion_reactor/iridium_ore": {
    "criteria": {
      "has_lithium": "2024-06-25 22:07:03 +0000",
      "has_wolframium": "2024-06-25 22:07:03 +0000"
    },
    "done": true
  },
  "advancednetherite:recipes/misc/netherite_iron_ingot": {
    "criteria": {
      "has_the_recipe": "2024-06-25 22:07:03 +0000"
    },
    "done": true
  },
  "techreborn:recipes/chemical_reactor/light_blue_wool_from_light_gray_wool_with_blue_dye": {
    "criteria": {
      "has_blue_dye": "2024-06-25 22:13:23 +0000"
    },
    "done": true
  },
  "betterend:recipes/misc/iron_bulb_lantern_blue": {
    "criteria": {
      "has_blue_dye": "2024-06-25 22:13:23 +0000"
    },
    "done": true
  },
  "croptopia:recipes/misc/purple_dye": {
    "criteria": {
      "has_the_recipe": "2024-06-25 22:13:23 +0000"
    },
    "done": true
  },
  "DataVersion": 3465
}